{
"rare0":[
	{
		"name":"Small Health Potion",
		"desc":"Restores a small amount of HP.",
		"type":0,
		"imgIndex":0,
		"level":1,
		"hp":30,
		"exp":0,
		"sell":50,
		"price":155
	},
	{
		"name":"Medium Health Potion",
		"desc":"Restores a decent amount of HP.",
		"type":0,
		"imgIndex":1,
		"level":5,
		"hp":100,
		"exp":0,
		"sell":75,
		"price":270
	},
	{
		"name":"Magician's Hat",
		"desc":"A hat filled with magic tricks.",
		"type":2,
		"imgIndex":0,
		"level":2,
		"mhp":4,
		"dmg":0,
		"acc":0,
		"sell":25,
		"price":200
	},
	{
		"name":"Blue Beret",
		"desc":"A hat typically\nwore by a Frenchman.",
		"type":2,
		"imgIndex":1,
		"level":3,
		"mhp":6,
		"dmg":0,
		"acc":0,
		"sell":30,
		"price":260
	},
	{
		"name":"Frog Hat",
		"desc":"The head of a\nfunny frog costume.",
		"type":2,
		"imgIndex":2,
		"level":3,
		"mhp":7,
		"dmg":0,
		"acc":0,
		"sell":40,
		"price":400
	},
	{
		"name":"Party Hat",
		"desc":"The wearer of this\nhat is fun at parties.",
		"type":2,
		"imgIndex":3,
		"level":3,
		"mhp":7,
		"dmg":0,
		"acc":0,
		"sell":40,
		"price":400
	},
	{
		"name":"Bronze Helmet",
		"desc":"A low tier helmet.",
		"type":2,
		"imgIndex":4,
		"level":8,
		"mhp":18,
		"dmg":0,
		"acc":0,
		"sell":275,
		"price":1730
	},
	{
		"name":"Iron Helmet",
		"desc":"A middle tier helmet.",
		"type":2,
		"imgIndex":5,
		"level":16,
		"mhp":35,
		"dmg":0,
		"acc":0,
		"sell":450,
		"price":3800
	},
	{
		"name":"Magician's Robe",
		"desc":"A robe imbued with magic.",
		"type":3,
		"imgIndex":0,
		"level":4,
		"mhp":7,
		"dmg":0,
		"acc":0,
		"sell":45,
		"price":300
	},
	{
		"name":"Blue Vest and Shirt",
		"desc":"A fancy outfit\nfor a special occasion.",
		"type":3,
		"imgIndex":1,
		"level":5,
		"mhp":8,
		"dmg":0,
		"acc":0,
		"sell":50,
		"price":470
	},
	{
		"name":"Frog Suit",
		"desc":"The overall of a\nfunny frog costume.",
		"type":3,
		"imgIndex":2,
		"level":5,
		"mhp":10,
		"dmg":0,
		"acc":0,
		"sell":80,
		"price":550
	},
	{
		"name":"Ranger's Leather Armor",
		"desc":"Armor made for a high\nskilled archer.",
		"type":3,
		"imgIndex":3,
		"level":10,
		"mhp":18,
		"dmg":0,
		"acc":1,
		"sell":175,
		"price":1600
	},
	{
		"name":"Bronze Chestplate",
		"desc":"A low tier chestplate.",
		"type":3,
		"imgIndex":4,
		"level":10,
		"mhp":40,
		"dmg":0,
		"acc":0,
		"sell":300,
		"price":1900
	},
	{
		"name":"Iron Chestplate",
		"desc":"A middle tier chestplate.",
		"type":3,
		"imgIndex":5,
		"level":16,
		"mhp":85,
		"dmg":0,
		"acc":0,
		"sell":550,
		"price":6050
	},
	{
		"name":"Magician's Wand",
		"desc":"A magical stick.",
		"type":4,
		"imgIndex":0,
		"level":4,
		"mhp":0,
		"dmg":4,
		"acc":0,
		"sell":40,
		"price":470
	},
	{
		"name":"Wooden Bow",
		"desc":"A sharp shooter's\nwooden bow.",
		"type":4,
		"imgIndex":1,
		"level":8,
		"mhp":0,
		"dmg":6,
		"acc":1,
		"sell":70,
		"price":1500
	},
	{
		"name":"Fishing Rod",
		"desc":"Reel the enemies in.",
		"type":4,
		"imgIndex":2,
		"level":5,
		"mhp":0,
		"dmg":6,
		"acc":0,
		"sell":45,
		"price":700
	},
	{
		"name":"Wooden Sword",
		"desc":"Not the most durable weapon.",
		"type":4,
		"imgIndex":3,
		"level":9,
		"mhp":0,
		"dmg":9,
		"acc":0,
		"sell":60,
		"price":950
	},
	{
		"name":"Bronze Sword",
		"desc":"A low tier sword.",
		"type":4,
		"imgIndex":4,
		"level":12,
		"mhp":0,
		"dmg":18,
		"acc":0,
		"sell":280,
		"price":2800
	},
	{
		"name":"Iron Sword",
		"desc":"A middle tier sword.",
		"type":4,
		"imgIndex":5,
		"level":19,
		"mhp":0,
		"dmg":32,
		"acc":0,
		"sell":560,
		"price":5200
	},
	{
		"name":"Magician's Gloves",
		"desc":"A magician's\nmagical gloves.",
		"type":5,
		"imgIndex":0,
		"level":6,
		"mhp":4,
		"dmg":0,
		"acc":0,
		"sell":25,
		"price":300
	},
	{
		"name":"Leather Gloves",
		"desc":"A beginner's gloves.",
		"type":5,
		"imgIndex":1,
		"level":4,
		"mhp":5,
		"dmg":0,
		"acc":0,
		"sell":30,
		"price":420
	},
	{
		"name":"Bronze Gauntlet",
		"desc":"A low tier gauntlet.",
		"type":5,
		"imgIndex":2,
		"level":10,
		"mhp":14,
		"dmg":0,
		"acc":0,
		"sell":275,
		"price":1680
	},
	{
		"name":"Iron Gauntlet",
		"desc":"A middle tier gauntlet.",
		"type":5,
		"imgIndex":3,
		"level":17,
		"mhp":22,
		"dmg":0,
		"acc":0,
		"sell":430,
		"price":1790
	},
	{
		"name":"Magician's Shoes",
		"desc":"A magician's\nmagical shoes",
		"type":6,
		"imgIndex":0,
		"level":4,
		"mhp":4,
		"dmg":0,
		"acc":0,
		"sell":25,
		"price":300
	},
	{
		"name":"Leather Boots",
		"desc":"A beginner's boots.",
		"type":6,
		"imgIndex":1,
		"level":5,
		"mhp":5,
		"dmg":0,
		"acc":0,
		"sell":30,
		"price":320
	},
	{
		"name":"Bronze Boots",
		"desc":"Low tier boots.",
		"type":6,
		"imgIndex":2,
		"level":8,
		"mhp":24,
		"dmg":0,
		"acc":0,
		"sell":275,
		"price":2680
	},
	{
		"name":"Iron Boots",
		"desc":"Middle tier boots.",
		"type":6,
		"imgIndex":3,
		"level":16,
		"mhp":50,
		"dmg":0,
		"acc":0,
		"sell":430,
		"price":5790
	},
	{
		"name":"Wooden Shield",
		"desc":"Offers slight protection.",
		"type":8,
		"imgIndex":0,
		"level":7,
		"mhp":5,
		"dmg":0,
		"acc":0,
		"sell":30,
		"price":480
	},
	{
		"name":"Bronze Shield",
		"desc":"A low tier shield.",
		"type":8,
		"imgIndex":1,
		"level":10,
		"mhp":18,
		"dmg":0,
		"acc":0,
		"sell":325,
		"price":3700
	},
	{
		"name":"Iron Shield",
		"desc":"A middle tier shield.",
		"type":8,
		"imgIndex":2,
		"level":18,
		"mhp":45,
		"dmg":0,
		"acc":0,
		"sell":500,
		"price":6000
	}
],
"rare1":[
	{
		"name":"Large Health Potion",
		"desc":"Restores a large amount of HP.",
		"type":0,
		"imgIndex":2,
		"level":1,
		"hp":175,
		"exp":0,
		"sell":150,
		"price":520
	},
	{
		"name":"Gold Helmet",
		"desc":"A high tier helmet.",
		"type":2,
		"imgIndex":6,
		"level":28,
		"mhp":60,
		"dmg":0,
		"acc":0,
		"sell":800,
		"price":9600
	},
	{
		"name":"Gold Chestplate",
		"desc":"A high tier chestplate.",
		"type":3,
		"imgIndex":6,
		"level":28,
		"mhp":160,
		"dmg":0,
		"acc":0,
		"sell":900,
		"price":13850
	},
	{
		"name":"Gold Sword",
		"desc":"A high tier sword.",
		"type":4,
		"imgIndex":6,
		"level":30,
		"mhp":0,
		"dmg":48,
		"acc":0,
		"sell":1000,
		"price":14000
	},
	{
		"name":"Gold Gauntlet",
		"desc":"A high tier gauntlet.",
		"type":5,
		"imgIndex":4,
		"level":30,
		"mhp":68,
		"dmg":0,
		"acc":0,
		"sell":680,
		"price":13500
	},
	{
		"name":"Gold Boots",
		"desc":"High tier boots.",
		"type":6,
		"imgIndex":4,
		"level":30,
		"mhp":68,
		"dmg":0,
		"acc":0,
		"sell":680,
		"price":13500
	},
	{
		"name":"Golden Shield",
		"desc":"A high tier shield.",
		"type":8,
		"imgIndex":3,
		"level":28,
		"mhp":88,
		"dmg":0,
		"acc":0,
		"sell":800,
		"price":16700
	},
	{
		"name":"Silver Necklace",
		"desc":"What does this even do?",
		"type":7,
		"imgIndex":1,
		"level":10,
		"mhp":0,
		"dmg":0,
		"acc":1,
		"sell":900,
		"price":4800
	},
	{
		"name":"Pendant of Domination",
		"desc":"A pendant said to\nincrease your power.",
		"type":7,
		"imgIndex":2,
		"level":20,
		"mhp":0,
		"dmg":30,
		"acc":0,
		"sell":3600,
		"price":30000
	},
	{
		"name":"Pendant of Protection",
		"desc":"A pendant said to\nincrease your defense.",
		"type":7,
		"imgIndex":4,
		"level":20,
		"mhp":70,
		"dmg":0,
		"acc":0,
		"sell":2000,
		"price":22500
	},
	{
		"name":"Golden Ring",
		"desc":"A ring of precision.",
		"type":9,
		"imgIndex":0,
		"level":10,
		"mhp":0,
		"dmg":0,
		"acc":1,
		"sell":1000,
		"price":12050
	},
	{
		"name":"Silver Ring",
		"desc":"What does this even do?",
		"type":9,
		"imgIndex":1,
		"level":10,
		"mhp":0,
		"dmg":1,
		"acc":0,
		"sell":250,
		"price":1700
	},
	{
		"name":"Ring of Destruction",
		"desc":"A ring imbued with power.",
		"type":9,
		"imgIndex":2,
		"level":30,
		"mhp":0,
		"dmg":35,
		"acc":0,
		"sell":2000,
		"price":42500
	}
],
"rare2":[
	{
		"name":"Special Health Potion",
		"desc":"Restores a massive amount of HP.",
		"type":0,
		"imgIndex":3,
		"level":1,
		"hp":-30,
		"exp":0,
		"sell":400,
		"price":4950
	},
	{
		"name":"Enchanted Health Potion",
		"desc":"Restores a massive amount of HP.",
		"type":0,
		"imgIndex":4,
		"level":1,
		"hp":-40,
		"exp":0,
		"sell":500,
		"price":6000
	},
	{
		"name":"Experience Potion",
		"desc":"Grants a small\namount of experience.",
		"type":0,
		"imgIndex":7,
		"level":1,
		"hp":0,
		"exp":3,
		"sell":0,
		"price":220000
	},
	{
		"name":"Runic Helmet",
		"desc":"A helmet imbued\nwith runic energy.",
		"type":2,
		"imgIndex":7,
		"level":40,
		"mhp":108,
		"dmg":5,
		"acc":0,
		"sell":2200,
		"price":62000
	},
	{
		"name":"Runic Chestplate",
		"desc":"A chestplate imbued\nwith runic energy.",
		"type":3,
		"imgIndex":7,
		"level":40,
		"mhp":240,
		"dmg":10,
		"acc":0,
		"sell":2900,
		"price":93500
	},
	{
		"name":"Runic Sabre",
		"desc":"A sword imbued\nwith runic energy.",
		"type":4,
		"imgIndex":7,
		"level":40,
		"mhp":0,
		"dmg":80,
		"acc":0,
		"sell":3000,
		"price":95000
	},
	{
		"name":"Runic Gauntlet",
		"desc":"A gauntlet imbued\nwith runic energy.",
		"type":5,
		"imgIndex":5,
		"level":42,
		"mhp":84,
		"dmg":3,
		"acc":0,
		"sell":2600,
		"price":103000
	},
	{
		"name":"Runic Greaves",
		"desc":"Boots imbued with\nrunic energy.",
		"type":6,
		"imgIndex":5,
		"level":42,
		"mhp":84,
		"dmg":3,
		"acc":0,
		"sell":2600,
		"price":101000
	},
	{
		"name":"Runic Shield",
		"desc":"A shield imbued\nwith runic energy.",
		"type":8,
		"imgIndex":4,
		"level":40,
		"mhp":150,
		"dmg":0,
		"acc":0,
		"sell":3000,
		"price":135000
	},
	{
		"name":"Skull Shield",
		"desc":"A shield made from\nexhumed remains.",
		"type":8,
		"imgIndex":6,
		"level":45,
		"mhp":200,
		"dmg":0,
		"acc":0,
		"sell":4000,
		"price":280000
	},
	{
		"name":"Golden Necklace",
		"desc":"A necklace of precision.",
		"type":7,
		"imgIndex":0,
		"level":15,
		"mhp":0,
		"dmg":0,
		"acc":2,
		"sell":3000,
		"price":111400
	},
	{
		"name":"Possessed Necklace",
		"desc":"A powerful necklace said\nto be cursed by a demon.",
		"type":7,
		"imgIndex":3,
		"level":25,
		"mhp":99,
		"dmg":45,
		"acc":1,
		"sell":4500,
		"price":550000
	},
	{
		"name":"Opposite But Equal",
		"desc":"This power necklace\nhas a sister necklace.",
		"type":7,
		"imgIndex":5,
		"level":33,
		"mhp":170,
		"dmg":30,
		"acc":2,
		"sell":12000,
		"price":485000
	},
	{
		"name":"Equal But Opposite",
		"desc":"This power necklace\nhas a sister necklace.",
		"type":7,
		"imgIndex":6,
		"level":33,
		"mhp":170,
		"dmg":30,
		"acc":2,
		"sell":12000,
		"price":485000
	},
	{
		"name":"Ring of Devastation",
		"desc":"The user obtains\ndestructive power.",
		"type":9,
		"imgIndex":3,
		"level":35,
		"mhp":0,
		"dmg":60,
		"acc":0,
		"sell":6900,
		"price":380000
	},
	{
		"name":"Ring of Greater Life",
		"desc":"The ring guards the\nuser against danger.",
		"type":9,
		"imgIndex":4,
		"level":33,
		"mhp":350,
		"dmg":0,
		"acc":0,
		"sell":8000,
		"price":550000
	}
],
"rare3":[
	{
		"name":"Elixir of Life",
		"desc":"An epic health potion.",
		"type":0,
		"imgIndex":5,
		"level":1,
		"hp":-60,
		"exp":0,
		"sell":820,
		"price":9000
	},
	{
		"name":"Greater Elixir of Life",
		"desc":"A legendary health potion.",
		"type":0,
		"imgIndex":6,
		"level":1,
		"hp":-80,
		"exp":0,
		"sell":1200,
		"price":13000
	},
	{
		"name":"Greater Experience Potion",
		"desc":"Grants a massive amount\nof experience.",
		"type":0,
		"imgIndex":8,
		"level":1,
		"hp":0,
		"exp":15,
		"sell":0,
		"price":1550000
	},
	{
		"name":"Inferno Helmet",
		"desc":"A helmet forged\nfrom the inferno.",
		"type":2,
		"imgIndex":8,
		"level":50,
		"mhp":175,
		"dmg":15,
		"acc":0,
		"sell":56000,
		"price":380000
	},
	{
		"name":"Inferno Chestplate",
		"desc":"A chestplate forged\nfrom the inferno.",
		"type":3,
		"imgIndex":8,
		"level":50,
		"mhp":670,
		"dmg":25,
		"acc":0,
		"sell":79000,
		"price":560000
	},
	{
		"name":"Inferno Scimitar",
		"desc":"A sword forged\nfrom the inferno.",
		"type":4,
		"imgIndex":8,
		"level":50,
		"mhp":0,
		"dmg":182,
		"acc":2,
		"sell":80000,
		"price":750000
	},
	{
		"name":"Inferno Gauntlet",
		"desc":"A gauntlet forged\nfrom the inferno.",
		"type":5,
		"imgIndex":6,
		"level":50,
		"mhp":132,
		"dmg":8,
		"acc":0,
		"sell":58000,
		"price":350000
	},
	{
		"name":"Inferno Greaves",
		"desc":"Boots forged in\nthe inferno.",
		"type":6,
		"imgIndex":6,
		"level":50,
		"mhp":132,
		"dmg":8,
		"acc":0,
		"sell":58000,
		"price":350000
	},
	{
		"name":"Inferno Shield",
		"desc":"A shield forged\nfrom the inferno.",
		"type":8,
		"imgIndex":5,
		"level":50,
		"mhp":360,
		"dmg":18,
		"acc":0,
		"sell":70000,
		"price":500000
	},
	{
		"name":"Bloodrazor",
		"desc":"A necklace powered by\na blood red crystal.",
		"type":7,
		"imgIndex":7,
		"level":40,
		"mhp":160,
		"dmg":70,
		"acc":2,
		"sell":99999,
		"price":999999
	},
	{
		"name":"The Cornerstone",
		"desc":"A necklace that massively\nincreases focus and precision.",
		"type":7,
		"imgIndex":8,
		"level":60,
		"mhp":130,
		"dmg":60,
		"acc":10,
		"sell":30000,
		"price":1100000
	},
	{
		"name":"Shield of Absorption",
		"desc":"Absorbs a majority of\ndamage from an attack.",
		"type":8,
		"imgIndex":7,
		"level":50,
		"mhp":420,
		"dmg":10,
		"acc":0,
		"sell":88800,
		"price":600000
	},
	{
		"name":"Death's Rage",
		"desc":"A ring that gives the\nuser immense power.",
		"type":9,
		"imgIndex":5,
		"level":60,
		"mhp":240,
		"dmg":120,
		"acc":2,
		"sell":160000,
		"price":1600000
	},
	{
		"name":"The Morning Sun",
		"desc":"This ring shines\nbrighter than the others.",
		"type":9,
		"imgIndex":6,
		"level":60,
		"mhp":440,
		"dmg":85,
		"acc":4,
		"sell":250000,
		"price":1700000
	},
	{
		"name":"Enchant Scroll C",
		"desc":"A scroll that enhances\nenchanting chance.",
		"type":10,
		"imgIndex":0,
		"level":1,
		"eChance":10,
		"sell":1000,
		"price":10000
	},
	{
		"name":"Enchant Scroll B",
		"desc":"A scroll that enhances\nenchanting chance.",
		"type":10,
		"imgIndex":1,
		"level":1,
		"eChance":20,
		"sell":5000,
		"price":60000
	},
	{
		"name":"Enchant Scroll A",
		"desc":"A scroll that enhances\nenchanting chance.",
		"type":10,
		"imgIndex":2,
		"level":1,
		"eChance":30,
		"sell":10000,
		"price":330000
	},
	{
		"name":"Enchant Scroll S",
		"desc":"A scroll that enhances\nenchanting chance.",
		"type":10,
		"imgIndex":3,
		"level":1,
		"eChance":40,
		"sell":20000,
		"price":700000
	}
]
}


