<?xml version="1.0" encoding="utf-8"?>
<!--
  ~ Copyright 2015 Google Inc. All Rights Reserved.
  ~
  ~ Licensed under the Apache License, Version 2.0 (the "License");
  ~ you may not use this file except in compliance with the License.
  ~ You may obtain a copy of the License at
  ~
  ~     http://www.apache.org/licenses/LICENSE-2.0
  ~
  ~ Unless required by applicable law or agreed to in writing, software
  ~ distributed under the License is distributed on an "AS IS" BASIS,
  ~ WITHOUT WARRANTIES OR CONDITIONS OF ANY KIND, either express or implied.
  ~ See the License for the specific language governing permissions and
  ~ limitations under the License.
  -->

<!-- A mission example consisting of one sfx and two spoken text moments. -->
<mission
    start_id="new"
    name="SFX Example">
    <moment
        type="spoken_text"
        id="new">
        <next_moment id="start"/>
        <text_to_speak>You will now hear a snap sound.</text_to_speak>
    </moment>
    <moment
        type="sfx"
        id="start">
        <uri>android.resource://com.google.fpl.gim.examplegame/raw/snap</uri>
        <next_moment id="end"/>
    </moment>
    <moment
        type="spoken_text"
        id="end">
        <text_to_speak>That was a snap! You're welcome.</text_to_speak>
        </moment>
</mission>