<?xml version="1.0" encoding="utf-8"?>
<!--
  ~ Copyright 2015 Google Inc. All Rights Reserved.
  ~
  ~ Licensed under the Apache License, Version 2.0 (the "License");
  ~ you may not use this file except in compliance with the License.
  ~ You may obtain a copy of the License at
  ~
  ~     http://www.apache.org/licenses/LICENSE-2.0
  ~
  ~ Unless required by applicable law or agreed to in writing, software
  ~ distributed under the License is distributed on an "AS IS" BASIS,
  ~ WITHOUT WARRANTIES OR CONDITIONS OF ANY KIND, either express or implied.
  ~ See the License for the specific language governing permissions and
  ~ limitations under the License.
  -->

<!-- A mission example consisting of spoken text and timer moments. -->
<mission
    start_id="start"
    name="Spoken + Timer Example">
    <moment
        type="spoken_text"
        id="start">
        <next_moment id="second"/>
        <text_to_speak>
            This is the first moment in this mission. The next moment should be a timer moment
            lasting 6 seconds.
        </text_to_speak>
    </moment>
    <moment
        type="timer"
        id="second">
        <next_moment id="third"/>
        <length_minutes>0.1</length_minutes>
    </moment>
    <moment
        type="spoken_text"
        id="third">
        <text_to_speak>
            This is the final moment, and the previous moment lasted 6 seconds.
        </text_to_speak>
    </moment>
</mission>