<!-- 
Customize the build process: create an assets/build.properties file that can
be checked at runtime for build options and give the APK a more verbose
name.
-->
<project name="Bundle Helper for enabling app store specific features">
  
  <!-- The dist.channel property should be specified on the commandline when
  invoking ant and contain an identifier of the marketing channel through
  which the APK is suppose to be distributed. This allows for building
  app store specific APK files from the same source tree -->
  <property name="dist.channel" value="sideloading" />
  <property name="dist.file" location="assets/build.properties" />
    
  <target name="-pre-build">
    <!-- Extract version information from AndroidManifest.xml -->
    <xpath input="${manifest.abs.file}" expression="/manifest/@android:versionName" output="dist.version.name" default="unknown"/> 
    <xpath input="${manifest.abs.file}" expression="/manifest/@android:versionCode" output="dist.version.code" default="-1"/> 
    <echo 
      file="${dist.file}" 
      message="dist.channel=${dist.channel}${line.separator}dist.version.code=${dist.version.code}${line.separator}dist.version.name=${dist.version.name}${line.separator}" />
  </target>
  
  <target name="-post-build">
    <copy 
      overwrite="true" 
      file="${out.final.file}" 
      tofile="${out.absolute.dir}/${ant.project.name}-${build.target}-${dist.version.name}-${dist.channel}.apk" />
  </target>
</project>
