<?xml version="1.0" encoding="utf-8"?>
<!--
  ~ Copyright 2015 Google Inc. All Rights Reserved.
  ~
  ~ Licensed under the Apache License, Version 2.0 (the "License");
  ~ you may not use this file except in compliance with the License.
  ~ You may obtain a copy of the License at
  ~
  ~     http://www.apache.org/licenses/LICENSE-2.0
  ~
  ~ Unless required by applicable law or agreed to in writing, software
  ~ distributed under the License is distributed on an "AS IS" BASIS,
  ~ WITHOUT WARRANTIES OR CONDITIONS OF ANY KIND, either express or implied.
  ~ See the License for the specific language governing permissions and
  ~ limitations under the License.
  -->

<!-- Choice moment for 8/11 demo and presentation.. -->
<mission
    start_id="start"
    name="Choice Example">
    <moment
        type="choice"
        id="start">
        <timeout_length_minutes>0.5</timeout_length_minutes>
        <description>What will you do?</description>
        <default_choice id="choice_smoke_bomb" />
        <fictional_progress>Made a choice</fictional_progress>
        <choice
            id="fire">
            <description>Fire!!!</description>
            <outcome
                deplete_weapon="true"
                increment_enemies="false"/>
            <icon name="ic_fire_white"/>
        </choice>
        <choice
            id="choice_sling_shot">
            <description>Use a sling shot.</description>
            <outcome
                deplete_weapon="false"
                increment_enemies="false"/>
            <fictional_progress>Used a slingshot</fictional_progress>
            <icon name="ic_sling_shot_white"/>
        </choice>
        <choice
            id="choice_smoke_bomb">
            <description>Drop a smoke bomb.</description>
            <outcome
                deplete_weapon="true"
                increment_enemies="false"/>
            <fictional_progress>Used a smoke bomb</fictional_progress>
            <icon name="ic_smoke_bomb_white"/>
        </choice>
    </moment>
</mission>