<?xml version="1.0" encoding="utf-8"?>
<!--
  ~ Copyright 2015 Google Inc. All Rights Reserved.
  ~
  ~ Licensed under the Apache License, Version 2.0 (the "License");
  ~ you may not use this file except in compliance with the License.
  ~ You may obtain a copy of the License at
  ~
  ~     http://www.apache.org/licenses/LICENSE-2.0
  ~
  ~ Unless required by applicable law or agreed to in writing, software
  ~ distributed under the License is distributed on an "AS IS" BASIS,
  ~ WITHOUT WARRANTIES OR CONDITIONS OF ANY KIND, either express or implied.
  ~ See the License for the specific language governing permissions and
  ~ limitations under the License.
  -->

<!-- Sfx moment for 8/11 demo and presentation. -->
<mission
    start_id="start"
    name="Sfx Example">
    <moment
        type="sfx"
        id="start">
        <uri>android.resource://com.google.fpl.gim.examplegame/raw/brains</uri>
        <fictional_progress>BRAINS</fictional_progress>
        <fictional_progress>BRAINS BRAINS BRAINS</fictional_progress>
        <fictional_progress>BRAAAAAAAAAAAAAAAINS</fictional_progress>
    </moment>
</mission>