{
  "ballcolor": [192, 192, 224],
  "ballradius": 0.5,
  "delegate": "Field2Delegate",
  "elements": [
    {
      "class": "WallElement",
      "position": [18.7, 0.1, 18.7, 20]
    },
    {
      "class": "WallElement",
      "position": [19.9, 0.1, 19.9, 20]
    },
    {
      "class": "WallElement",
      "color": [128, 128, 128],
      "disabled": true,
      "id": "LaunchBarrier",
      "position": [10, 29.9, 10, 28.7]
    },
    {
      "class": "SensorElement",
      "id": "LaunchBarrierSensor",
      "rect": [9, 28.2, 9.5, 29.9]
    },
    {
      "class": "SensorElement",
      "id": "LaunchBarrierRetract",
      "rect": [10.1, 28.7, 11, 29.9]
    },
    {
      "center": [10, 20],
      "class": "WallArcElement",
      "maxangle": 90,
      "minangle": 0,
      "radius": 8.7,
      "segments": 20
    },
    {
      "center": [10, 20],
      "class": "WallArcElement",
      "maxangle": 90,
      "minangle": 0,
      "radius": 9.9,
      "segments": 20
    },
    {
      "center": [10, 25],
      "class": "WallArcElement",
      "maxangle": 180,
      "minangle": 90,
      "segments": 20,
      "xradius": 9.9,
      "yradius": 4.9
    },
    {
      "class": "WallPathElement",
      "positions": [
        [3.45, 23],
        [1.45, 24]
      ]
    },
    {
      "class": "WallPathElement",
      "positions": [
        [10, 28.7],
        [10, 24],
        [8, 23]
      ]
    },
    {
      "class": "BumperElement",
      "color": [224, 224, 32],
      "kick": 2.5,
      "outerColor": [224, 224, 32, 128],
      "outerRadius": "0.8",
      "position": [3.2, 26],
      "radius": 0.5,
      "score": 1000
    },
    {
      "class": "BumperElement",
      "color": [224, 224, 32],
      "kick": 2.5,
      "outerColor": [224, 224, 32, 128],
      "outerRadius": "0.8",
      "position": [7.2, 27],
      "radius": 0.5,
      "score": 1000
    },
    {
      "class": "DropTargetGroupElement",
      "color": [0, 255, 0],
      "id": "DropTargetTopLeft",
      "positions": [
        [9.8, 28.2, 9.8, 27.2],
        [9.8, 26.9, 9.8, 25.9],
        [9.8, 25.6, 9.8, 24.6]
      ],
      "reset": 2.0,
      "score": 1000
    },
    {
      "class": "BumperElement",
      "color": [32, 224, 224],
      "kick": 4,
      "outerColor": [32, 224, 224, 128],
      "outerRadius": "1.15",
      "position": [5.725, 19.5],
      "radius": "0.75",
      "score": 500
    },
    {
      "class": "BumperElement",
      "color": [224, 32, 32],
      "id": "CenterBumper1",
      "kick": 4,
      "outerColor": [224, 32, 32, 128],
      "outerRadius": "0.8",
      "position": [14, 22],
      "radius": 0.5,
      "score": 1000
    },
    {
      "class": "BumperElement",
      "id": "RotatingBumper1A",
      "kick": 3,
      "outerRadius": "1.15",
      "position": [14, 19.6],
      "radius": "0.75",
      "score": 500
    },
    {
      "class": "BumperElement",
      "id": "RotatingBumper1B",
      "kick": 3,
      "outerRadius": "1.15",
      "position": [11.6, 22],
      "radius": 0.75,
      "score": 500
    },
    {
      "class": "BumperElement",
      "id": "RotatingBumper1C",
      "kick": 3,
      "outerRadius": "1.15",
      "position": [14, 24.4],
      "radius": 0.75,
      "score": 500
    },
    {
      "class": "BumperElement",
      "id": "RotatingBumper1D",
      "kick": 3,
      "outerRadius": "1.15",
      "position": [16.4, 22],
      "radius": 0.75,
      "score": 500
    },
    {
      "class": "BumperElement",
      "color": [224, 32, 224],
      "id": "RotatingBumper2A",
      "kick": 3,
      "outerColor": [224, 32, 224, 128],
      "outerRadius": "1",
      "position": [6.35, 13],
      "radius": 0.66,
      "score": 500
    },
    {
      "class": "BumperElement",
      "color": [224, 32, 224],
      "id": "RotatingBumper2B",
      "kick": 3,
      "outerColor": [224, 32, 224, 128],
      "outerRadius": "1",
      "position": [12.37, 13.020000000000001],
      "radius": 0.66,
      "score": 500
    },
    {
      "class": "WallElement",
      "color": [0, 0, 255],
      "kick": 3.5,
      "position": [3.2, 8.77, 5.7, 4.43],
      "score": 100
    },
    {
      "class": "WallElement",
      "position": [2.95, 9.2, 3.2, 8.77]
    },
    {
      "class": "WallElement",
      "position": [5.95, 4, 5.7, 4.43]
    },
    {
      "class": "WallElement",
      "position": [2.95, 9.2, 2.95, 5.8]
    },
    {
      "class": "WallElement",
      "position": [2.95, 5.8, 5.95, 4]
    },
    {
      "class": "WallElement",
      "color": [0, 0, 255],
      "kick": 3.5,
      "position": [15.6, 8.77, 13.1, 4.43],
      "score": 100
    },
    {
      "class": "WallElement",
      "position": [15.85, 9.2, 15.6, 8.77]
    },
    {
      "class": "WallElement",
      "position": [12.85, 4, 13.1, 4.43]
    },
    {
      "class": "WallElement",
      "position": [15.85, 9.2, 15.85, 5.8]
    },
    {
      "class": "WallElement",
      "position": [15.85, 5.8, 12.85, 4]
    },
    {
      "class": "WallElement",
      "color": [0, 0, 0],
      "kill": true,
      "position": [0.1, 0.1, 18.7, 0.1]
    },
    {
      "class": "WallElement",
      "position": [18.7, 0.1, 19.9, 0.1]
    },
    {
      "class": "WallElement",
      "position": [0.1, 4, 6, 1]
    },
    {
      "class": "WallElement",
      "position": [18.7, 4, 12.7, 1]
    },
    {
      "class": "WallElement",
      "name": "left border",
      "position": [0.1, 4, 0.1, 10]
    },
    {
      "center": [3.1, 10],
      "class": "WallArcElement",
      "maxangle": 180,
      "minangle": 125,
      "segments": 8,
      "xradius": 3.0,
      "yradius": 3.0
    },
    {
      "class": "WallElement",
      "position": [1.379, 12.457, 1.379, 18]
    },
    {
      "class": "WallElement",
      "color": [128, 32, 32],
      "disabled": true,
      "id": "LeftTubeBarrier",
      "position": [1.379, 18, 0.1, 21.5]
    },
    {
      "class": "WallElement",
      "color": [32, 224, 224],
      "kick": 5,
      "position": [0.1, 13, 1.378, 13],
      "score": 1000
    },
    {
      "class": "SensorElement",
      "id": "LeftTubeSensor",
      "rect": [0.1, 14, 1.378, 15]
    },
    {
      "class": "WallElement",
      "position": [0.1, 25, 0.1, 10]
    },
    {
      "class": "DropTargetGroupElement",
      "color": [0, 255, 0],
      "id": "DropTargetLeft",
      "positions": [
        [1.579, 12.8, 1.579, 13.8],
        [1.579, 14.0, 1.579, 15.0],
        [1.579, 15.2, 1.579, 16.2],
        [1.579, 16.4, 1.579, 17.4]
      ],
      "reset": 2.0,
      "score": 500
    },
    {
      "class": "WallElement",
      "position": [1.45, 8.5, 1.45, 4.8]
    },
    {
      "class": "WallElement",
      "position": [17.35, 8.5, 17.35, 4.8]
    },
    {
      "center": [15.7, 10],
      "class": "WallArcElement",
      "maxangle": 67,
      "minangle": 0,
      "segments": 8,
      "xradius": 3.0,
      "yradius": 3.0
    },
    {
      "class": "WallElement",
      "position": [16.872, 12.762, 18.7, 20]
    },
    {
      "class": "DropTargetGroupElement",
      "color": [0, 255, 0],
      "id": "DropTargetRight",
      "positions": [
        [16.777, 13.611, 17.046, 14.678],
        [17.144, 15.065, 17.414, 16.132],
        [17.512, 16.52, 17.781, 17.586],
        [17.879, 17.974, 18.148, 19.041]
      ],
      "reset": 2.0,
      "score": 500
    },
    {
      "class": "WallElement",
      "color": [0, 255, 0],
      "id": "BallSaver-left",
      "kick": 6.0,
      "position": [0.15, 5.0, 1.35, 5.0],
      "retractWhenHit": true
    },
    {
      "class": "WallElement",
      "color": [0, 255, 0],
      "id": "BallSaver-right",
      "kick": 6.0,
      "position": [17.45, 5.0, 18.65, 5.0],
      "retractWhenHit": true
    },
    {
      "class": "WallElement",
      "position": [1.45, 4.8, 6.25, 2.3]
    },
    {
      "class": "WallElement",
      "position": [17.35, 4.8, 12.45, 2.3]
    },
    {
      "class": "RolloverGroupElement",
      "color": [0, 224, 224],
      "cycleOnFlipper": true,
      "id": "FlipperRollovers",
      "radius": 0.4,
      "rollovers": [
        {
          "position": [0.775, 7.0]
        },
        {
          "position": [2.2, 7.0]
        },
        {
          "position": [16.6, 7.0]
        },
        {
          "position": [18.025, 7.0]
        }
      ],
      "score": 500
    },
    {
      "class": "RolloverGroupElement",
      "id": "ExtraBallRollovers",
      "ignoreBall": true,
      "radius": 0.4,
      "rollovers": [
        {
          "color": [224, 0, 0],
          "position": [8.15, 11.8]
        },
        {
          "color": [0, 224, 0],
          "position": [9.35, 11.8]
        },
        {
          "color": [0, 0, 224],
          "position": [10.55, 11.8]
        },
        {
          "color": [224, 0, 0],
          "position": [8.15, 13]
        },
        {
          "color": [0, 224, 0],
          "position": [9.35, 13]
        },
        {
          "color": [0, 0, 224],
          "position": [10.55, 13]
        },
        {
          "color": [224, 0, 0],
          "position": [8.15, 14.2]
        },
        {
          "color": [0, 224, 0],
          "position": [9.35, 14.2]
        },
        {
          "color": [0, 0, 224],
          "position": [10.55, 14.2]
        }
      ]
    },
    {
      "class": "FlipperElement",
      "downspeed": 3,
      "length": 2.5,
      "maxangle": 20,
      "minangle": -20,
      "position": [6.35, 2.2],
      "upspeed": 7
    },
    {
      "class": "FlipperElement",
      "downspeed": 3,
      "length": -2.5,
      "maxangle": 20,
      "minangle": -20,
      "position": [12.35, 2.2],
      "upspeed": 7
    },
    {
      "class": "FlipperElement",
      "downspeed": 3,
      "length": 1.65,
      "maxangle": 20,
      "minangle": -22.5,
      "position": [3.55, 22.9],
      "upspeed": 9
    },
    {
      "class": "FlipperElement",
      "downspeed": 3,
      "length": -1.65,
      "maxangle": 20,
      "minangle": -25,
      "position": [7.9, 22.9],
      "upspeed": 9
    }
  ],
  "gravity": 4.0,
  "height": 30,
  "launchDeadZone": ["18.8", "0", "20", "1.4"],
  "launchPosition": ["19.3", "3.0"],
  "launchVelocity": ["0", "16.0"],
  "launchVelocityRandomDelta": ["0", "0.6"],
  "name": "Round and Round",
  "numballs": 3,
  "targetTimeRatio": 2.25,
  "variables": {
    "RotatingBumper1Speed": 0.75,
    "RotatingBumper2CenterX": 9.35,
    "RotatingBumper2CenterY": 13,
    "RotatingBumper2Speed": -0.5
  },
  "version": 1,
  "width": 20
}
