{
  "delegate": "Field1Delegate",
  "ballcolor": [192, 192, 224],
  "ballradius": "0.5",
  "elements": [
    {
      "class": "WallElement",
      "position": ["18.7", "0.1", "18.7", "23"]
    },
    {
      "class": "WallElement",
      "position": ["19.9", "0.1", "19.9", "23"]
    },
    {
      "center": ["10", "23"],
      "class": "WallArcElement",
      "maxangle": "180",
      "minangle": "0",
      "segments": 30,
      "xradius": "9.9",
      "yradius": "7"
    },
    {
      "center": ["10", "23"],
      "class": "WallArcElement",
      "maxangle": "54.5",
      "minangle": "0",
      "segments": 12,
      "xradius": "8.7",
      "yradius": "5.6"
    },
    {
      "center": ["10", "23"],
      "class": "WallArcElement",
      "maxangle": "180",
      "minangle": "110",
      "segments": 12,
      "xradius": "8.1",
      "yradius": "5.6"
    },
    {
      "center": ["6.246", "23"],
      "class": "WallArcElement",
      "maxangle": "225",
      "minangle": "180",
      "xradius": "6.146",
      "yradius": "7.778"
    },
    {
      "center": ["6.246", "23"],
      "class": "WallArcElement",
      "maxangle": "225",
      "minangle": "180",
      "xradius": "4.346",
      "yradius": "5.978"
    },
    {
      "class": "WallElement",
      "color": [0, 0, 0],
      "kill": true,
      "position": ["0.1", "0.1", "18.7", "0.1"]
    },
    {
      "class": "WallElement",
      "position": ["18.7", "0.1", "19.9", "0.1"]
    },
    {
      "class": "WallElement",
      "position": ["0.1", "4", "6", "1"]
    },
    {
      "class": "WallElement",
      "position": ["18.7", "4", "12.7", "1"]
    },
    {
      "class": "WallElement",
      "name": "left border",
      "position": ["0.1", "4", "0.1", "10"]
    },
    {
      "center": ["3.1", "10"],
      "class": "WallArcElement",
      "maxangle": "180",
      "minangle": "120",
      "segments": 8,
      "xradius": "3.0",
      "yradius": "3.0"
    },
    {
      "class": "WallElement",
      "position": ["1.6", "12.6", "1.9", "17.5"]
    },
    {
      "class": "WallElement",
      "position": ["1.45", "8.5", "1.45", "4.8"]
    },
    {
      "class": "WallElement",
      "position": ["17.35", "8.5", "17.35", "4.8"]
    },
    {
      "center": ["15.7", "10"],
      "class": "WallArcElement",
      "maxangle": "60",
      "minangle": "0",
      "segments": 8,
      "xradius": "3.0",
      "yradius": "3.0"
    },
    {
      "class": "WallPathElement",
      "positions": [
        ["17.2", "12.6"],
        ["17", "15"],
        ["14.8", "21.4"],
        ["15.05", "24.5"],
        ["15.05", "27.53"]
      ]
    },
    {
      "class": "WallElement",
      "color": [128, 128, 128],
      "disabled": true,
      "id": "LaunchBarrier",
      "position": ["15.05", "27.53", "15.75", "28.74"]
    },
    {
      "class": "SensorElement",
      "id": "LaunchBarrierSensor",
      "rect": ["14.05", "27.53", "15.05", "29"]
    },
    {
      "class": "SensorElement",
      "id": "LaunchBarrierRetract",
      "rect": ["16.0", "26.5", "17.0", "28.5"]
    },
    {
      "class": "WallElement",
      "position": ["1.45", "4.8", "6.25", "2.3"]
    },
    {
      "class": "WallElement",
      "position": ["17.35", "4.8", "12.45", "2.3"]
    },
    {
      "class": "WallElement",
      "color": [0, 255, 0],
      "id": "BallSaver-left",
      "kick": "6.0",
      "position": ["0.15", "5.0", "1.35", "5.0"],
      "retractWhenHit": true
    },
    {
      "class": "WallElement",
      "color": [0, 255, 0],
      "id": "BallSaver-right",
      "kick": "6.0",
      "position": ["17.45", "5.0", "18.65", "5.0"],
      "retractWhenHit": true
    },
    {
      "class": "WallElement",
      "position": ["9.0", "26.5", "9.0", "27.8"]
    },
    {
      "class": "WallElement",
      "position": ["10.5", "26.5", "10.5", "27.8"]
    },
    {
      "class": "WallElement",
      "position": ["12.0", "26.5", "12.0", "27.8"]
    },
    {
      "class": "WallElement",
      "position": ["13.5", "26.5", "13.5", "27.8"]
    },
    {
      "class": "DropTargetGroupElement",
      "color": [0, 255, 0],
      "id": "DropTargetRightSave",
      "positions": [
        ["16.778", "15.026", "16.44", "15.968"],
        ["16.372", "16.156", "16.034", "17.097"],
        ["15.966", "17.285", "15.628", "18.226"],
        ["15.56", "18.414", "15.222", "19.355"]
      ],
      "reset": "2.0",
      "score": 500
    },
    {
      "class": "DropTargetGroupElement",
      "color": [0, 255, 0],
      "id": "DropTargetLeftSave",
      "positions": [
        ["1.807", "12.708", "1.868", "13.706"],
        ["1.88", "13.905", "1.941", "14.903"],
        ["1.954", "15.103", "2.015", "16.101"],
        ["2.027", "16.301", "2.088", "17.299"]
      ],
      "reset": "2.0",
      "score": 500
    },
    {
      "class": "WallElement",
      "color": [0, 0, 255],
      "kick": "3.5",
      "position": ["3.2", "8.77", "5.7", "4.43"],
      "score": 100
    },
    {
      "class": "WallElement",
      "position": ["2.95", "9.2", "3.2", "8.77"]
    },
    {
      "class": "WallElement",
      "position": ["5.95", "4", "5.7", "4.43"]
    },
    {
      "class": "WallElement",
      "position": ["2.95", "9.2", "2.95", "5.8"]
    },
    {
      "class": "WallElement",
      "position": ["2.95", "5.8", "5.95", "4"]
    },
    {
      "class": "WallElement",
      "color": [0, 0, 255],
      "kick": "3.5",
      "position": ["15.6", "8.77", "13.1", "4.43"],
      "score": 100
    },
    {
      "class": "WallElement",
      "position": ["15.85", "9.2", "15.6", "8.77"]
    },
    {
      "class": "WallElement",
      "position": ["12.85", "4", "13.1", "4.43"]
    },
    {
      "class": "WallElement",
      "position": ["15.85", "9.2", "15.85", "5.8"]
    },
    {
      "class": "WallElement",
      "position": ["15.85", "5.8", "12.85", "4"]
    },
    {
      "class": "WallElement",
      "position": ["9.0", "27.8", "7.23", "28.262"]
    },
    {
      "class": "WallElement",
      "position": ["9.0", "26.5", "5.95", "25.6"]
    },
    {
      "class": "WallElement",
      "position": ["5.95", "25.6", "5.95", "27.85"]
    },
    {
      "class": "DropTargetGroupElement",
      "color": [0, 255, 255],
      "id": "DropTargetTop",
      "positions": [
        ["8.625", "26.181", "7.762", "25.926"],
        ["7.282", "25.785", "6.419", "25.53"],
        ["5.75", "26.1", "5.75", "27.1"]
      ],
      "reset": "2.0",
      "score": 500
    },
    {
      "class": "BumperElement",
      "color": [0, 0, 224],
      "kick": "3",
      "outerRadius": "1.3",
      "position": ["9.5", "18"],
      "radius": "0.85",
      "score": 500
    },
    {
      "class": "BumperElement",
      "color": [0, 0, 224],
      "kick": "3",
      "outerRadius": "1.3",
      "position": [12.3, 21.2],
      "radius": "0.85",
      "score": 500
    },
    {
      "class": "BumperElement",
      "color": [0, 0, 224],
      "kick": "3",
      "outerRadius": "1.3",
      "position": ["6.5", "20.5"],
      "radius": "0.85",
      "score": 500
    },
    {
      "class": "BumperElement",
      "color": [192, 0, 192],
      "kick": "2.5",
      "outerColor": [192, 0, 192, 128],
      "outerRadius": "1.1",
      "position": ["4.5", "23.5"],
      "radius": "0.7",
      "score": 1000
    },
    {
      "class": "RolloverGroupElement",
      "id": "RampRollovers",
      "radius": "0.5",
      "reset": "5",
      "rollovers": [
        {
          "color": [255, 0, 0],
          "position": ["1.7", "19.5"],
          "score": 2000
        },
        {
          "color": [0, 255, 0],
          "position": ["1.0", "23.0"],
          "score": 3000
        },
        {
          "color": [0, 0, 255],
          "position": ["3.1", "27.0"],
          "score": 5000
        },
        {
          "color": [255, 255, 255],
          "position": ["6.3", "28.7"],
          "score": 10000
        }
      ],
      "score": 500
    },
    {
      "class": "RolloverGroupElement",
      "color": [0, 224, 224],
      "cycleOnFlipper": true,
      "id": "FlipperRollovers",
      "radius": "0.4",
      "rollovers": [
        {
          "position": ["0.775", "7.0"]
        },
        {
          "position": ["2.2", "7.0"]
        },
        {
          "position": ["16.6", "7.0"]
        },
        {
          "position": ["18.025", "7.0"]
        }
      ],
      "score": 500
    },
    {
      "class": "RolloverGroupElement",
      "color": [0, 224, 224],
      "cycleOnFlipper": true,
      "id": "TopRollovers",
      "radius": "0.45",
      "rollovers": [
        {
          "position": ["9.75", "27.2"]
        },
        {
          "position": ["11.25", "27.2"]
        },
        {
          "position": ["12.75", "27.2"]
        },
        {
          "position": ["14.25", "27.2"]
        }
      ],
      "score": 500
    },
    {
      "class": "RolloverGroupElement",
      "id": "ExtraBallRollovers",
      "ignoreBall": true,
      "radius": "0.5",
      "rollovers": [
        {
          "color": [224, 0, 0],
          "position": ["9.4", "13"]
        },
        {
          "color": [224, 224, 0],
          "position": ["12.0", "11.5"]
        },
        {
          "color": [0, 224, 0],
          "position": ["12.0", "8.5"]
        },
        {
          "color": [0, 224, 224],
          "position": ["9.4", "7"]
        },
        {
          "color": [0, 0, 224],
          "position": ["6.8", "8.5"]
        },
        {
          "color": [224, 0, 224],
          "position": ["6.8", "11.5"]
        },
        {
          "color": [224, 224, 224],
          "position": ["9.4", "10"],
          "radius": "1.5"
        }
      ]
    },
    {
      "class": "FlipperElement",
      "downspeed": "3",
      "length": "2.5",
      "maxangle": "20",
      "minangle": "-20",
      "position": ["6.35", "2.2"],
      "upspeed": "7"
    },
    {
      "class": "FlipperElement",
      "downspeed": "3",
      "length": "-2.5",
      "maxangle": "20",
      "minangle": "-20",
      "position": ["12.35", "2.2"],
      "upspeed": "7"
    }
  ],
  "gravity": "4",
  "height": "30",
  "launchDeadZone": ["18.8", "0", "20", "1.4"],
  "launchPosition": ["19.3", "3.0"],
  "launchVelocity": ["0", "15.4"],
  "launchVelocityRandomDelta": ["0", "0.6"],
  "name": "Classic",
  "numballs": 3,
  "targetTimeRatio": "2.3",
  "version": 1,
  "width": "20"
}