{
  "ballcolor": [192, 192, 224],
  "ballradius": 0.5,
  "delegate": "Field3Delegate",
  "elements": [
    {
      "class": "WallElement",
      "position": [18.7, 0.1, 18.7, 25.4]
    },
    {
      "class": "WallElement",
      "position": [19.9, 0.1, 19.9, 25.4]
    },
    {
      "class": "WallElement",
      "color": [128, 128, 128],
      "disabled": true,
      "id": "LaunchBarrier",
      "position": [16.4, 29.9, 16.4, 28.5]
    },
    {
      "class": "SensorElement",
      "id": "LaunchBarrierSensor",
      "rect": [15.3, 28.2, 16.3, 29.9]
    },
    {
      "class": "SensorElement",
      "id": "LaunchBarrierRetract",
      "rect": [18.8, 22.0, 19.8, 25.0]
    },
    {
      "class": "WallElement",
      "position": [15.9, 28.1, 16.4, 28.5]
    },
    {
      "class": "WallElement",
      "position": [12.9, 28.1, 12.9, 26.8]
    },
    {
      "class": "WallElement",
      "position": [14.4, 28.1, 14.4, 26.8]
    },
    {
      "class": "WallElement",
      "position": [15.9, 28.1, 15.9, 26.8]
    },
    {
      "center": [16.4, 25.4],
      "class": "WallArcElement",
      "maxangle": 90,
      "minangle": 0,
      "segments": 20,
      "xradius": 3.5,
      "yradius": 4.5
    },
    {
      "center": [16.4, 25.4],
      "class": "WallArcElement",
      "maxangle": 90,
      "minangle": 0,
      "segments": 20,
      "xradius": 2.3,
      "yradius": 3.1
    },
    {
      "class": "WallPathElement",
      "positions": [
        [16.4, 29.9],
        [9.6, 29.9],
        [11.4, 28.1],
        [11.4, 26.8],
        [5.3, 25.7]
      ]
    },
    {
      "class": "DropTargetGroupElement",
      "color": [0, 255, 255],
      "gapBetweenTargets": 0.2,
      "gapFromWall": -0.2,
      "id": "UpperMultiballTargets",
      "numTargets": 5,
      "reset": 2.0,
      "score": 500,
      "startDistanceAlongWall": 0.1,
      "targetWidth": 1.0,
      "wallEnd": [11.4, 26.8],
      "wallStart": [5.3, 25.7]
    },
    {
      "center": [2.7, 25.0],
      "class": "WallArcElement",
      "maxangle": 180,
      "minangle": 10,
      "segments": 20,
      "xradius": 2.6,
      "yradius": 4.0
    },
    {
      "class": "WallElement",
      "position": [0.1, 25.0, 0.1, 22.0]
    },
    {
      "center": [12.1, 22.0],
      "class": "WallArcElement",
      "maxangle": 210,
      "minangle": 180,
      "radius": 12.0,
      "segments": 10
    },
    {
      "center": [2.7, 25.3],
      "class": "WallArcElement",
      "maxangle": 359.9,
      "minangle": 0,
      "radius": 1.0,
      "segments": 40
    },
    {
      "center": [16.9, 25.3],
      "class": "WallArcElement",
      "maxangle": 208,
      "minangle": 180,
      "segments": 15,
      "xradius": 15.2,
      "yradius": 16.5
    },
    {
      "class": "RolloverGroupElement",
      "id": "LeftRampRollover",
      "radius": 0.5,
      "reset": 3,
      "rollovers": [
        {
          "color": [255, 0, 0],
          "position": [0.9, 25.3],
          "score": 5000
        }
      ],
      "score": 5000
    },
    {
      "class": "WallPathElement",
      "positions": [
        [3.7, 25.3],
        [5.152, 21.428],
        [4.965, 21.358],
        [5.913, 18.83],
        [3.479, 17.5545]
      ]
    },
    {
      "class": "DropTargetGroupElement",
      "color": [0, 255, 255],
      "gapBetweenTargets": 0.3,
      "gapFromWall": -0.2,
      "id": "LowerMultiballTargets",
      "numTargets": 2,
      "reset": 2.0,
      "score": 500,
      "startDistanceAlongWall": 0.1,
      "targetWidth": 1.1,
      "wallEnd": [5.913, 18.83],
      "wallStart": [3.479, 17.5545]
    },
    {
      "center": [15.9, 22.0],
      "class": "WallArcElement",
      "maxangle": 90,
      "minangle": 0,
      "segments": 10,
      "xradius": 2.8,
      "yradius": 4.8
    },
    {
      "center": [10.0, 21.0],
      "class": "WallArcElement",
      "maxangle": 0,
      "minangle": -30,
      "radius": 8.7,
      "segments": 10
    },
    {
      "center": [2.2, 21.8],
      "class": "WallArcElement",
      "maxangle": 24,
      "minangle": 0,
      "segments": 10,
      "xradius": 15.0,
      "yradius": 8.0
    },
    {
      "center": [2.2, 21.8],
      "class": "WallArcElement",
      "maxangle": 0,
      "minangle": -24,
      "segments": 10,
      "xradius": 15.0,
      "yradius": 10.0
    },
    {
      "class": "RolloverGroupElement",
      "id": "RightRampRollover",
      "radius": 0.5,
      "reset": 3,
      "rollovers": [
        {
          "color": [255, 0, 0],
          "position": [17.95, 21.8],
          "score": 10000
        }
      ],
      "score": 10000
    },
    {
      "center": [3.1, 10],
      "class": "WallArcElement",
      "maxangle": 180,
      "minangle": 125,
      "segments": 8,
      "xradius": 3.0,
      "yradius": 3.0
    },
    {
      "class": "WallElement",
      "position": [1.379, 12.457, 1.708, 16.0]
    },
    {
      "class": "DropTargetGroupElement",
      "gapBetweenTargets": 0.2,
      "gapFromWall": -0.2,
      "id": "DropTargetLeftSave",
      "numTargets": 3,
      "reset": 2.0,
      "score": 500,
      "startDistanceAlongWall": 0.2,
      "targetWidth": 0.9,
      "wallEnd": [1.708, 16.0],
      "wallStart": [1.379, 12.457]
    },
    {
      "center": [15.7, 10],
      "class": "WallArcElement",
      "maxangle": 67,
      "minangle": 0,
      "segments": 8,
      "xradius": 3.0,
      "yradius": 3.0
    },
    {
      "class": "WallElement",
      "position": [16.872, 12.762, 17.534, 16.65]
    },
    {
      "class": "DropTargetGroupElement",
      "gapBetweenTargets": 0.2,
      "gapFromWall": 0.2,
      "id": "DropTargetRightSave",
      "numTargets": 3,
      "reset": 2.0,
      "score": 500,
      "startDistanceAlongWall": 0.2,
      "targetWidth": 1.0,
      "wallEnd": [17.534, 16.65],
      "wallStart": [16.872, 12.762]
    },
    {
      "class": "BumperElement",
      "color": [0, 0, 224],
      "kick": 3,
      "outerRadius": "1.15",
      "position": [10.5, 23.7],
      "radius": 0.75,
      "score": 500
    },
    {
      "class": "BumperElement",
      "color": [0, 0, 224],
      "kick": 3,
      "outerRadius": "1.15",
      "position": [14.5, 21.8],
      "radius": 0.75,
      "score": 500
    },
    {
      "class": "BumperElement",
      "color": [0, 0, 224],
      "kick": 3,
      "outerRadius": "1.15",
      "position": [11.6, 19.5],
      "radius": 0.75,
      "score": 500
    },
    {
      "class": "RolloverGroupElement",
      "color": [0, 224, 224],
      "cycleOnFlipper": true,
      "id": "TopRollovers",
      "radius": 0.45,
      "rollovers": [
        {
          "position": [12.15, 27.45]
        },
        {
          "position": [13.65, 27.45]
        },
        {
          "position": [15.15, 27.45]
        }
      ],
      "score": 500
    },
    {
      "class": "RolloverGroupElement",
      "color": [0, 0, 255],
      "id": "UpperTargetIndicator",
      "ignoreBall": true,
      "radius": 2.1,
      "rollovers": [
        {
          "position": [9.4, 10]
        }
      ]
    },
    {
      "class": "RolloverGroupElement",
      "color": [0, 0, 255],
      "id": "LowerTargetIndicator",
      "ignoreBall": true,
      "radius": 1.4,
      "rollovers": [
        {
          "position": [9.4, 10]
        }
      ]
    },
    {
      "class": "RolloverGroupElement",
      "color": [0, 0, 255],
      "id": "BumperIndicator",
      "ignoreBall": true,
      "radius": 0.7,
      "rollovers": [
        {
          "position": [9.4, 10]
        }
      ]
    },
    {
      "class": "WallElement",
      "color": [0, 0, 255],
      "kick": 3.5,
      "position": [3.2, 8.77, 5.7, 4.43],
      "score": 100
    },
    {
      "class": "WallElement",
      "position": [2.95, 9.2, 3.2, 8.77]
    },
    {
      "class": "WallElement",
      "position": [5.95, 4, 5.7, 4.43]
    },
    {
      "class": "WallElement",
      "position": [2.95, 9.2, 2.95, 5.8]
    },
    {
      "class": "WallElement",
      "position": [2.95, 5.8, 5.95, 4]
    },
    {
      "class": "WallElement",
      "color": [0, 0, 255],
      "kick": 3.5,
      "position": [15.6, 8.77, 13.1, 4.43],
      "score": 100
    },
    {
      "class": "WallElement",
      "position": [15.85, 9.2, 15.6, 8.77]
    },
    {
      "class": "WallElement",
      "position": [12.85, 4, 13.1, 4.43]
    },
    {
      "class": "WallElement",
      "position": [15.85, 9.2, 15.85, 5.8]
    },
    {
      "class": "WallElement",
      "position": [15.85, 5.8, 12.85, 4]
    },
    {
      "class": "WallElement",
      "color": [0, 0, 0],
      "kill": true,
      "position": [0.1, 0.1, 18.7, 0.1]
    },
    {
      "class": "WallElement",
      "position": [18.7, 0.1, 19.9, 0.1]
    },
    {
      "class": "WallElement",
      "position": [0.1, 4, 6, 1]
    },
    {
      "class": "WallElement",
      "position": [18.7, 4, 12.7, 1]
    },
    {
      "class": "WallElement",
      "name": "left border",
      "position": [0.1, 4, 0.1, 10]
    },
    {
      "class": "WallElement",
      "position": [1.45, 8.5, 1.45, 4.8]
    },
    {
      "class": "WallElement",
      "position": [17.35, 8.5, 17.35, 4.8]
    },
    {
      "class": "WallElement",
      "color": [0, 255, 0],
      "id": "BallSaver-left",
      "kick": 6.0,
      "position": [0.15, 5.0, 1.35, 5.0],
      "retractWhenHit": true
    },
    {
      "class": "WallElement",
      "color": [0, 255, 0],
      "id": "BallSaver-right",
      "kick": 6.0,
      "position": [17.45, 5.0, 18.65, 5.0],
      "retractWhenHit": true
    },
    {
      "class": "WallElement",
      "position": [1.45, 4.8, 6.25, 2.3]
    },
    {
      "class": "WallElement",
      "position": [17.35, 4.8, 12.45, 2.3]
    },
    {
      "class": "RolloverGroupElement",
      "color": [0, 224, 224],
      "cycleOnFlipper": true,
      "id": "FlipperRollovers",
      "radius": 0.4,
      "rollovers": [
        {
          "position": [0.775, 7.0]
        },
        {
          "position": [2.2, 7.0]
        },
        {
          "position": [16.6, 7.0]
        },
        {
          "position": [18.025, 7.0]
        }
      ],
      "score": 500
    },
    {
      "class": "FlipperElement",
      "downspeed": 3,
      "length": 2.5,
      "maxangle": 20,
      "minangle": -20,
      "position": [6.35, 2.2],
      "upspeed": 7
    },
    {
      "class": "FlipperElement",
      "downspeed": 3,
      "length": -2.5,
      "maxangle": 20,
      "minangle": -20,
      "position": [12.35, 2.2],
      "upspeed": 7
    },
    {
      "class": "FlipperElement",
      "downspeed": 3,
      "length": 2.5,
      "maxangle": -25,
      "minangle": -69.444,
      "position": [5.222, 21.241],
      "upspeed": 9
    }
  ],
  "gravity": 4.0,
  "height": 30,
  "launchDeadZone": ["18.8", "0", "20", "1.4"],
  "launchPosition": ["19.3", "3.0"],
  "launchVelocity": ["0", "16.0"],
  "launchVelocityRandomDelta": ["0", "0.6"],
  "name": "Ringmaster",
  "numballs": 3,
  "targetTimeRatio": 2.25,
  "variables": {
  },
  "version": 1,
  "width": 20
}
